"","X","id","titulo","descricao","publicadoEm","data","hora","aoVivo","idCanal","nomeCanal","visualizacoes","curtidas","descurtidas","favoritos","comentarios","categoryId","defaultAudioLanguage","categoria","faturamento"
"1",1,"_GuOjXYl5ew","YouTube Rewind: The Ultimate 2016 Challenge | #YouTubeRewind","YouTube Rewind 2016. Celebrating the videos, people, music and moves that made 2016. #YouTubeRewind Spend more time with your favorite creators, ...","2016-12-07 18:00:03","2016-12-07",64800,"none","UCBR8-60-B28hp2BmDPdntcQ","YouTube Spotlight",200076804,3097566,488281,0,677755,25,"en","Notícias e Política",2e+05
"6",6,"0KSOMA3QBU0","Katy Perry - Dark Horse (Official) ft. Juicy J","Get ""Dark Horse"" from Katy Perry's 'PRISM': http://katy.to/PRISM WITNESS: The Tour tickets available now! https://www.katyperry.com/tour Directed by Matthew ...","2014-02-20 20:00:03","2014-02-20",72000,"none","UC-8Q-hLdECwQmaWNwXitYDw","KatyPerryVEVO",2126370507,6255046,820668,0,496615,10,NA,"Música",2126000
"11",11,"QcIy9NiNbmo","Taylor Swift - Bad Blood ft. Kendrick Lamar","Check out Taylor's new video <U+0093>Bad Blood!<U+0094> <U+0093>Bad Blood<U+0094> featuring Kendrick Lamar is Available Now on iTunes http://smarturl.it/tsbadblood. Taylor's multi-platinum ...","2015-05-18 04:00:00","2015-05-18",14400,"none","UCANLZYMidaCbLQFWXBC95Jg","TaylorSwiftVEVO",1129433584,5396888,472258,0,441748,10,NA,"Música",1129000
"16",16,"uelHwf8o7_U","Eminem - Love The Way You Lie ft. Rihanna","Music video by Eminem performing Love The Way You Lie. <U+00A9> 2010 Aftermath Records #VEVOCertified on September 13, 2011. http://www.vevo.com/certified ...","2010-08-05 19:09:46","2010-08-05",68940,"none","UC20vb-R_px4CguHzzBPhoyQ","EminemVEVO",1402046933,5233395,201082,0,487376,10,"en-US","Música",1402000
"21",21,"2uJE48aKVNo","Beef 'n Go","WATCH THIS EPISODE EN ESPA<d1>OL: http://youtu.be/uUN_7ToagOI OUR FACEBOOK: http://facebook.com/smosh Are you the kind of person that just loves ...","2008-05-03 18:20:32","2008-05-03",66000,"none","UCY30JRSgfhYXA6i6xX1erWg","Smosh",102595655,113444,25416,0,24237,43,NA,"Shows",102000
"26",26,"UtsfUAHkyWQ","Ping Pong Trick Shots 2 | Dude Perfect","Ping Pong Trick Shots are back & they're BIGGER than ever! ---------------------------------------- <U+25BB> VISIT our NEW STORE! - http://dudeperfect.merchline.com <U+25BB>Click ...","2015-02-16 23:00:56","2015-02-16",82800,"none","UCRijo3ddMTht_IHyNSNXpNQ","Dude Perfect",118319569,1164671,34159,0,58912,17,NA,"Esportes",118000
"31",31,"k3aAl92_VDE","Adam Levine's New Girlfriend","Three-year-old Mila is Adam's biggest (little) fan, and had quite the reaction when she found out he was married!","2015-10-16 13:00:02","2015-10-16",46800,"none","UCp0hYYBW6IMayGgR-WeoCvQ","TheEllenShow",65700389,425190,12215,0,0,24,"en","Entretenimento",65000
"36",36,"xfeys7Jfnx8","Nice Guys","Behind the Scenes at http://www.youtube.com/higatv Two losers take a ""how to pick up girls"" class and realize that Nice Guys finish last which results in the ...","2011-05-31 20:33:21","2011-05-31",73980,"none","UCSAUGyc_xA8uYzaIVG6MESQ","nigahiga",73723135,806832,11082,0,170358,24,NA,"Entretenimento",73000
"41",41,"iOztnsBPrAA","WARNING: SCARIEST GAME IN YEARS | Five Nights at Freddy's - Part 1","No other game has given me a greater feeling of dread than this one. Five Nights at Freddy's is incredibly unique and takes an approach to horror that I've never ...","2014-08-12 18:23:51","2014-08-12",66180,"none","UC7_YxT-KID8kRbqZo7MyscQ","Markiplier",62333999,513124,25095,0,163728,20,NA,"Jogos",62000
"46",46,"SXiSVQZLje8","Ariana Grande - Side To Side ft. Nicki Minaj","Side To Side ft. Nicki Minaj (Official Video) Taken from the new album Dangerous Woman Download Now! http://republicrec.co/AriDangerousWoman Listen on ...","2016-08-30 03:00:00","2016-08-30",10800,"none","UC0VOyT2OCBKdQhF3BAbZ-1g","ArianaGrandeVevo",1136428990,5623761,379692,0,413051,10,NA,"Música",1136000
"51",51,"dMR51c1Q5bQ","BEST OF - TOP 500 GOALS","Best Soccer Goals 2012/13 <U+25CB> Football Compilation 2014 - Die sch<f6>nsten Amateur-Tore - Besten YouTuber Freist<f6><df>e <U+25BB> Join #teamfk / Komm ins #teamfk: ...","2014-02-06 12:23:52","2014-02-06",44580,"none","UCC9h3H-sGrvqd2otknZntsQ","freekickerz",33378550,145100,6192,0,5178,17,"en","Esportes",33000
"56",56,"ao8L-0nSYzg","Addiction","What causes addiction? Easy, right? Drugs cause addiction. But maybe it is not that simple. This video is adapted from Johann Hari's New York Times ...","2015-10-29 13:05:11","2015-10-29",47100,"none","UCsXVk37bltHxD1rDPwtNM8Q","Kurzgesagt <U+0096> In a Nutshell",14403658,358183,4793,0,20766,27,"en","Educação",14000
"61",61,"ogci09kq_u4","BEST OF DAYLIGHT <U+2605> Die geile Stalking-Spr<fc>hwurst-Omi!","BEST OF DAYLIGHT <U+0095> LP: http://bit.ly/DaylightHorror <U+25BB> SAHNEH<c4>UBCHEN: http://gronkh.de?p=25785 <U+25BB> TOTAL MUTIG: http://bit.ly/BesteMenschen ...","2014-05-06 16:00:08","2014-05-06",57600,"none","UCYJ61XIK64sp6ZFFS8sctxw","Gronkh",9936556,37433,666,0,3334,20,NA,"Jogos",9000
"66",66,"4gSOMba1UdM","Bibi H - How it is ( wap bap ... ) [Official Video]","""How it is (wap bap)"" AVAILABLE EVERYWHERE NOW: http://wmg.click/BibiH_HowItIsAY * STORES Germany: - Amazon - Media Markt - Saturn - M<fc>ller - Expert ...","2017-05-05 12:00:00","2017-05-05",43200,"none","UCHfdTAyg5t4mb1G-3rJ6QsQ","BibisBeautyPalace",46469468,390977,2576777,0,1013027,10,NA,"Música",46000
"71",71,"8sPj0Ic8KQ8","R.I.O. feat. Nicco - Party Shaker (Official Video HD)","Listen on Spotify: http://spoti.fi/1hfDGxs TAKEN FROM: R.I.O. -- TURN THIS CLUB AROUND [LIMITED EDITION] +++ CD & DOWNLOAD: OUT NOW!","2012-05-15 08:05:25","2012-05-15",29100,"none","UCb3tJ5NKw7mDxyaQ73mwbRg","Kontor.TV",216647949,532850,32790,0,46666,10,NA,"Música",216000
"76",76,"SHWAoZe_1yA","Julien Bam - Everyday Saturday (Parodie)","Viel Spa<df> mit meinem 2 Mio Abo - Speci... nein Spa<df>! Alles nur Parodie, nehmt es nicht zu ernst! So etwas ensteht in 4 Tagen, wenn man einfach auf seinen ...","2016-05-07 12:00:02","2016-05-07",43200,"none","UCTXeJ33DzXI2veQpKfrvaYw","Julien Bam",22316261,1058711,81898,0,131825,24,NA,"Entretenimento",22000
"81",81,"YyNLs1-eYK4","ApeCrime - ICH TRAU MICH NICHT","Unser Album: Affenbande CD - Amazon: http://amzn.to/1eJZ9Q8 Affenbande - iTunes: http://apple.co/1Ly5Sd2 BangEP: https://apecrime.lnk.to/Bang Teilt das ...","2013-08-30 12:00:05","2013-08-30",43200,"none","UCw_T-wN5D_NbfwFp4ztQvBA","ApeCrime",14140473,327328,8788,0,33932,24,NA,"Entretenimento",14000
"86",86,"Z_mf9aCHag8","KC Rebell feat. Mo<e9> <U+25BA> BIST DU REAL <U+25C4> [ official Video 4K ] | Dagi Bee","W<fc>rde mich freuen, wenn Ihr mir ein KOSTENLOSES ABO da lasst <U+2661> <U+25B8> THEMA : FANLIEBE : https://youtu.be/RldpvPaKPIM <U+25B8> GANG TOUR VLOG ...","2015-06-12 11:16:14","2015-06-12",40560,"none","UCpZ_DI-ZugwMzXcqccaTVsg","Dagi Bee",49138649,625117,138447,0,64871,24,"de","Entretenimento",49000
"91",91,"cNvjKkXFBvU","WEKEED - Wild Child","The wild union of a girl and a boy brought together by life. Just like other couples make love, they make music. <U+2728> Subscribe to our Newsletter and get 10 fresh ...","2012-05-17 21:08:30","2012-05-17",76080,"none","UCXIyz409s7bNWVcM-vjfdVA","Majestic Casual",46843977,214661,4685,0,4760,24,NA,"Entretenimento",46000
"96",96,"2qrwwrYzGyw","TOP 7 - YOUTUBER OHNE MAKEUP !! <f0><U+009F><U+0098><U+00AF><f0><U+009F><U+0098><U+00B1>","Letztes Video: https://youtu.be/s0K4J1GZo4Q <U+25BB>Snapchat: RealSimonDesue <U+25BB>Instagram: http://instagram.com/simondesue <U+25BB>Twitter: ...","2016-07-10 13:00:00","2016-07-10",46800,"none","UCrDAFagvWYuScZMzqs-OslA","Simon Desue",5540372,156523,22752,0,10752,24,NA,"Entretenimento",5000
"101",101,"QJO3ROT-A4E","One Direction - What Makes You Beautiful","One Direction's official music video for What Makes You Beautiful. As featured on Up All Night, listen on Spotify http://smarturl.it/UpAllNightSP Click to buy the ...","2011-08-19 15:00:00","2011-08-19",54000,"none","UCbW18JZRgko_mOGm5er8Yzg","OneDirectionVEVO",886243723,4360431,364568,0,899796,10,NA,"Música",886000
"106",106,"lp-EO5I60KA","Ed Sheeran - Thinking Out Loud [Official Video]","The official video for 'Thinking Out Loud', Ed learnt to dance! 'x', available to buy via iTunes here: http://smarturl.it/x-itunesdlx Featuring and taught by ...","2014-10-07 13:57:37","2014-10-07",50220,"none","UC0C-w0YjGpqDXGB8IHb662A","Ed Sheeran",1834685664,7167940,297641,0,228258,10,NA,"Música",1834000
"111",111,"708mjaHTwKc","KSI - Lamborghini (Explicit) ft. P Money","Stream for Free on Spotify: http://t.co/dWuBx0BZl8 / iTunes: http://bit.ly/KSILambo 'Keep Up' CDs & T-shirts available here: http://po.st/KeepUpStore 'Keep Up' ...","2015-03-25 17:08:37","2015-03-25",61680,"none","UCVtFOytbRpEvzLjvqGG5gxQ","KSI",83476217,1606221,111161,0,128313,10,NA,"Música",83000
"116",116,"GG90TQUd7Ac","BEST OF THEDIAMONDMINECART // DANTDM!!","Subscribe and join TeamTDM! :: http://bit.ly/TxtGm8 <U+25BB> Previous Video :: https://youtu.be/sKK5iwCKK5M <U+25BB> Follow Me on Twitter ...","2015-10-03 18:30:42","2015-10-03",66600,"none","UCS5Oz6CHmeoF7vSad0qqXfw","DanTDM",40619935,156462,5927,0,24210,20,NA,"Jogos",40000
"121",121,"YQHsXMglC9A","Adele - Hello","'Hello' is taken from the new album, 25, out November 20. http://adele.com Available now from iTunes http://smarturl.it/itunes25 Available now from Amazon ...","2015-10-23 06:54:18","2015-10-23",24840,"none","UComP_epzeKzvBX156r6pm1Q","AdeleVEVO",2074105953,12313208,671048,0,846170,10,"en-US","Música",2074000
"126",126,"bM7SZ5SBzyY","Alan Walker - Fade [NCS Release]","Listen on Spotify: http://spoti.fi/NCS House Music Playlist: http://ncs.io/house Please give a warm welcome to Alan Walker who makes his debut on NCS. His gift ...","2014-11-19 17:02:54","2014-11-19",61320,"none","UC_aEa8K-EOJ3D6gOs7HcyNg","NoCopyrightSounds",279624369,2794115,52507,0,205054,10,"en-US","Música",279000
"131",131,"jHbyQ_AQP8c","What If Everyone JUMPED At Once?","Follow Michael Stevens http://www.twitter.com/tweetsauce Tell Geek and Sundry that Vsauce says ""hi!"" and SUB!","2012-08-19 03:28:52","2012-08-19",12480,"none","UC6nSFpj9HTCZ5t-N3Rm3-HA","Vsauce",26013976,283007,8846,0,43319,28,"en","Ciência e Tecnologia",26000
"136",136,"b0vPzYhxy9c","7 Second Challenge With Miranda Sings | Zoella","The 7 Second Challenge with Miranda Sings Miranda's Video: http://bit.ly/1lEPecx Subscribe to Miranda: http://bit.ly/1kfQANT Subscribe to Colleen: ...","2014-04-06 20:19:23","2014-04-06",73140,"none","UCWRV5AVOlKJR1Flvgt310Cw","Zoella",22021240,524843,13242,0,30344,26,NA,"Estilo de Vida",22000
"141",141,"-ibLmPuojmw","SIDEMEN CROSSBAR CHALLENGE!!","A YOUTUBERS CROSSBAR CHALLENGE WATCH THE GAME HERE: https://www.youtube.com/sidemen Thanks to http://www.mylocalpitch.com Music Used: ...","2016-03-06 21:00:00","2016-03-06",75600,"none","UCjtLOfx1yt1NlnFIDyAX3Ug","W2S",38889680,412659,7035,0,32975,20,NA,"Jogos",38000
"146",146,"IrJkyFeJ2Fc","One Rich Mother F*cker! - Grand Theft Auto 5","Click Here To Subscribe <U+25BB> http://bit.ly/SubToSyn Thanks for watching! Don't forget to leave a Rating on the video! Enjoyed the video? Then be sure to Share it ...","2013-10-16 17:00:02","2013-10-16",61200,"none","UC1ieoHqKW-yYgDhLHIcx28w","TheSyndicateProject",25774688,122015,15437,0,19559,20,NA,"Jogos",25000
"151",151,"uO59tfQ2TbA","David Guetta - Hey Mama (Official Video) ft Nicki Minaj, Bebe Rexha & Afrojack","Download the album #Listen and the single Hey Mama on iTunes http://smarturl.it/guettalistendeluxe Download the remixes on iTunes: ...","2015-05-19 19:41:51","2015-05-19",70860,"none","UC1l7wYrva1qCH-wgqcHaaRg","David Guetta",1147096297,3768020,217506,0,120894,10,NA,"Música",1147000
"156",156,"dKwzZZKIbUs","Cyprien r<e9>pond <e0> Cortex","Ma r<e9>ponse au clash de Cortex, partagez cette vid<e9>o pour en finir avec lui ! Rejoignez ma page facebook : http://www.facebook.com/CyprienVideo Toutes mes ...","2011-10-01 13:56:11","2011-10-01",50160,"none","UCyWqModMQlbIo8274Wh_ZsQ","Cyprien",42507750,835359,12554,0,154232,23,"fr","Comédia",42000
"161",161,"GP7aP67qQjQ","NORMAN - LUIGI CLASH MARIO","Bonus: http://www.normanfaitdesvideos.com/2014/01/31/bonus-luigi-clash-mario/ MP3: ...","2014-01-31 16:27:37","2014-01-31",59220,"none","UCww2zZWg4Cf5xcRKG-ThmXQ","NORMAN FAIT DES VID<c9>OS",66014011,685619,21327,0,46687,23,NA,"Comédia",66000
"166",166,"_ZPpU7774DQ","OVERWATCH RAP BATTLE","Vid<e9>o sponsoris<e9>e par Blizzard et inspir<e9>e de l'univers Overwatch. Musique par NODEY & PV Nova Le jeu : http://blizz.ly/2oR28iG Un immense merci aux ...","2017-04-07 15:31:14","2017-04-07",55860,"none","UCWeg2Pkate69NFdBeuRFTAw","SQUEEZIE",22985120,540776,23651,0,58052,10,"fr","Música",22000
"171",171,"81szj1vpEu8","KANGAROO (REMI GAILLARD)","Dangerously funny videos created and produced by R<e9>mi GAILLARD. http://www.facebook.com/gaillardremi http://twitter.com/nqtv.","2008-09-21 21:33:21","2008-09-21",77580,"none","UCmPSwsooZq8an7xOLQQhAdw","R<e9>mi GAILLARD",78022668,357735,14988,0,31910,23,NA,"Comédia",78000
"176",176,"AA-gbKy_ke4","ON S'FAIT UN FIFA ? - CLIP","Un clip pour tous les fans de FIFA ! Allez ! <c9>crit et interpr<e9>t<e9> par CodJordan23, Squeezie et Cyprien. Musique : Nodey / R<e9>alisation : Th<e9>odore Bonnet / Chef ...","2014-11-14 17:57:03","2014-11-14",64620,"none","UCWMYFDuCcvkmPiOf1RP_IKQ","CyprienGaming",26474475,361533,20500,0,27260,10,"fr","Música",26000
"181",181,"4ZHwu0uut3k","Tom Odell - Another Love (Zwette Edit)","TheSoundYouNeed - Music at its finest <U+2716><U+2716> LYRICS in description. ll Facebook : http://on.fb.me/12s8hhw ll Soundcloud : http://bit.ly/Ud6RVg <U+261E> Follow Zwette ...","2013-05-06 13:20:22","2013-05-06",48000,"none","UCudKvbd6gvbm5UCYRk5tZKA","TheSoundYouNeed",143036818,637369,17011,0,15129,10,NA,"Música",143000
"186",186,"1BE9wVnEink","MISTER V - RAP VS R<c9>ALIT<c9>","MAKING OFF DISPO ICI : https://www.youtube.com/watch?v=ZRvNROuseXw&feature=youtu.be ALBUM TOUJOURS DISPONIBLE ...","2016-12-22 18:46:21","2016-12-22",67560,"none","UC8Q0SLrZLiTj5s4qc9aad-w","Mister V",18857612,433133,5523,0,23988,23,"fr","Comédia",18000
"191",191,"rnEkZVxoeoc","FAIRE UN RE<U+00B4>GIME - LE RIRE JAUNE","Les secrets d'un r<e9>gime r<e9>ussi ! Viens Rire Jaune ici ;) <U+25BB> http://facebook.com/LeRireJauneOfficiel Abonne-Toi http://bit.ly/Rire-Jaune <U+2606> Twitter ...","2014-08-31 15:56:08","2014-08-31",57360,"none","UCTt2AnK--mnRmICnf-CCcrw","Le Rire Jaune",15105925,302457,2781,0,26786,23,"fr","Comédia",15000
"196",196,"FUvs2XI6rPc","JE SAIS PAS DANSER! - Natoo","Un grand merci <e0> Waxx, Mathieu Joly et Kemar d'avoir boss<e9> sur ce projet musical. T<e9>l<e9>charge mon appli mobile ici ...","2016-11-18 13:00:19","2016-11-18",46800,"none","UCtihF1ZtlYVzoaj_bKLQZ-Q","Natoo",23307502,430676,31843,0,43711,23,"fr","Comédia",23000
"201",201,"1YBl3Zbt80A","Badri Ki Dulhania (Title Track) Varun, Alia, Tanishk, Neha, Monali, Ikka | ""Badrinath Ki Dulhania""","Badri Ki Dulhania Title Track | Hindi Songs 2017 | 2017 New Songs Presenting new Bollywood song BADRI KI DULHANIA (Title Song) from new Hindi movie ...","2017-02-06 08:28:26","2017-02-06",30480,"none","UCq-Fj5jknLsUf-MWSy4_brA","T-Series",290686980,765023,119384,0,33921,10,"en-GB","Música",290000
"206",206,"IKHWOf0Rgd8","Crime Patrol Dial 100 - <U+0915><U+094D><U+0930><U+093E><U+0907><U+092E> <U+092A><U+0947><U+091F><U+094D><U+0930><U+094B><U+0932> - Dav-Pech - Episode 25 - 23rd November, 2015","In this episode of Crime Patrol, we will get to know about a successful criminal lawyer who had an extra martial affair with her secretary. However, an attempt to ...","2015-11-24 01:45:00","2015-11-24",6300,"none","UCpEhnqL0y41EpW2TvWAHD7Q","SET India",39774727,30529,20986,0,1981,43,NA,"Shows",39000
"211",211,"kHSFpGBFGHY","Johny Johny Yes Papa and Many More Videos | Popular Nursery Rhymes Collection by ChuChu TV","Johny Johny Yes Papa and Many More Videos | Popular Nursery Rhymes Collection by ChuChu TV 00:08 - Johny Johny Yes Papa 01:47 - Head Shoulders ...","2014-11-14 15:46:36","2014-11-14",56760,"none","UCBnZ16ahKA2DZ_T5W0FPUXg","ChuChu TV Nursery Rhymes & Kids Songs",1262106230,1151168,742444,0,31227,27,"hi","Educação",1262000
"216",216,"k4yXQkG2s1E","Kala Chashma | Baar Baar Dekho | Sidharth M Katrina K | Prem Hardeep Badshah Neha K Indeep Bakshi","Download from iTunes : http://apple.co/2asZFmS Stream it on JioMusic : http://bit.ly/2r3LObm Wynk : http://bit.ly/2ap7HM7 | Saavn : http://bit.ly/2a3Fic6 | Gaana ...","2016-07-27 04:28:59","2016-07-27",16080,"none","UCFFbwnve3yF62-tVXkTyHqg","Zee Music Company",299327876,825599,125873,0,23838,10,"hi","Música",299000
"221",221,"_lsvmj4SL9g","Tashan-e-Ishq - Episode 231  - May 26, 2016 - Webisode","Watch full episodes of Tashan e Ishq at http://www.ozee.com/shows/tashan-e-ishq Enjoy the world of entertainment with your favourite TV Shows, Movies, Music ...","2016-05-26 23:19:32","2016-05-26",83940,"none","UCppHT7SZKKvar4Oc9J4oljQ","zeetv",29597361,21401,10841,0,1323,24,NA,"Entretenimento",29000
"226",226,"1tVL11ULjYY","The Humma Song <U+0096> OK Jaanu | Shraddha Kapoor | Aditya Roy Kapur | A.R. Rahman, Badshah, Tanishk","The Foot Tapping Song of 2016 is here!. Witness the sensuous chemistry between Shraddha Kapoor and Aditya Roy Kapur in this brand new song from OK ...","2016-12-15 10:20:26","2016-12-15",37200,"none","UC56gTxNs4f9xZ7Pa2i5xNzg","Sony Music India",216449808,799879,87786,0,33770,10,"en-US","Música",216000
"231",231,"wo0ospGvxXc","Ding Dang - Video Song | Thank You for 100+ Million Views","Thank You for your 100+ Million Views on Ding Dang: http://bit.ly/100MillionViewsAndCounting You can download the Munna Michael game here: ...","2017-06-19 10:59:45","2017-06-19",39540,"none","UCX52tYZiEh_mHoFja3Veciw","Eros Now",144370081,461054,61098,0,12187,10,"en","Música",144000
"236",236,"m_EO7uKHQz8","Rangrasiya - <U+0930><U+0902><U+0917><U+0930><U+0938><U+093F><U+092F><U+093E> - 20th June 2014 - Full Episode(HD)","Rudra takes Paro and tells her everything about how he had felt about her, during various incidents. Paro smiles and seeing Rudra's grim face tells him that he is ...","2014-06-20 17:44:55","2014-06-20",63840,"none","UC55IWqFLDH1Xp7iu1_xknRA","Colors TV",7250040,17065,1992,0,1528,43,NA,"Shows",7000
"241",241,"EA_fbT6oN2k","Johny Johny Yes Papa Nursery Rhyme |  Part 3 -  3D Animation Rhymes & Songs for Children","Johny Johny Yes Papa Nursery Rhyme | Part 3 - 3D Animation English Nursery Rhymes & Songs for Children.","2017-01-26 06:29:18","2017-01-26",23340,"none","UCsPF3cApzCohxPp5oKdoWSQ","CVS 3D Rhymes",514867302,869218,497169,0,35045,27,NA,"Educação",514000
"246",246,"Wd2B8OAotU8","Nashe Si Chadh Gayi Song | Befikre | Ranveer Singh | Vaani Kapoor | Arijit Singh","The party anthem of 2016-17, 'Nashe Si Chadh Gayi' becomes the FIRST EVER Hindi song to hit 300 MILLION VIEWS on YouTube. Play it on loop! Click to ...","2016-10-18 07:32:24","2016-10-18",27120,"none","UCbTLwN10NoCU4WDzLf1JMOA","YRF",304363601,675519,80570,0,38784,10,"en","Música",304000
"251",251,"t1PJ60mrHQc","""Language Challenge"" - Italian VS Swedish","Hi marzipans, today we decided to do something a little different and we though you might wanted to see it! :D WHERE TO FIND ME Tweet me @MarziaPie ...","2013-07-10 15:21:37","2013-07-10",55260,"none","UCe9oofjVfJzapRyVlt57x8Q","Marzia",23127310,567038,9034,0,61952,24,NA,"Entretenimento",23000
"256",256,"iVRcKkNyjhA","FAVIJ - HATERS IN ITALIA - Parodia Occidentali's Karma","Una dedica a tutti coloro che, inconsapevolmente, ci hanno dato un aiuto non indifferente negli ultimi anni. Sarete sempre nei nostri cuori ciccini belli. Volevo ...","2017-03-11 11:00:03","2017-03-11",39600,"none","UCSFC5Cio8zaLQDFPxA7y_HQ","<U+279C>FavijTV<U+0099>",13855134,480897,15964,0,47615,20,NA,"Jogos",13000
"261",261,"IlWajunsVrI","GLI EFFETTI DI ROVAZZI SU MIA NONNA - PARODIA Tutto Molto Interessante - iPantellas","13O.OOO LIKE SE VUOI UN NUOVO VIDEO <U+279C> Gioved<ec> 8 Dicembre ALLE 17:00 ci trovate a MILANO per l'evento Oreo - Tutte le info QUI: ...","2016-12-06 18:00:01","2016-12-06",64800,"none","UCD-aXv7CMezGSTfxmKAD6Ag","iPantellas",12576265,411611,7758,0,19683,24,"it","Entretenimento",12000
"266",266,"W4jY43u28gc","LA CROSSBAR CHALLENGE LEGGENDARIA!!","Shop Magliette:http://www.bit.ly/matesitalia 2OO.OOO MI PIACE!! OBBLIGATORI :D Canale i2Bombers: https://www.youtube.com/user/i2bomber MATES: Anima: ...","2015-12-17 12:00:00","2015-12-17",43200,"none","UCMggu4tZ2N6SD4FebIbMDpA","St3pNy",5450176,452841,3310,0,13941,24,NA,"Entretenimento",5000
"271",271,"dhsy6epaJGs","PULCINO PIO - El Pollito Pio (Official video)","Suscribirse a #pulcinopiotv: http://bit.ly/2nJdqox PULCINO PIO - El Pollito Pio (Official video) iTunes: http://apple.co/2mTYAY7 Facebook: ...","2012-11-29 09:27:58","2012-11-29",34020,"none","UCW4w39HG16HSuDkvLu4AIaA","PULCINO PIO",1035189342,1680562,573770,0,126475,10,NA,"Música",1035000
"276",276,"5dFGtHaFYoI","BIG MONEY ILLUMINATI - OFFICIAL VIDEO SONG (ilvostrocarodexter)","Ringrazio Snitecs per la canzone: https://www.youtube.com/user/iffsnitecs <U+2606> Pagina Facebook ...","2015-10-07 12:30:00","2015-10-07",45000,"none","UCNo7m7faHS9t3nSDfWXvGww","ilvostrocaroDexter",5971222,205771,10510,0,18629,20,NA,"Jogos",5000
"281",281,"B7jg9SgpxOI","MATES - FIGO (WIGGLE PARODIA)","Ringraziamenti Testi: Luca Virno Snitecs: https://www.youtube.com/user/iffsnitecs Comparse nel Video: SabriGamer: https://www.youtube.com/user/lasabrigamer ...","2016-09-02 09:00:01","2016-09-02",32400,"none","UCHZl_sLl4kGZSkrPBrWb_aQ","Anima",9138086,328053,17121,0,14561,10,"it","Música",9000
"286",286,"noY6ggSNTF0","Gabry Ponte - Che ne sanno i 2000 feat. Danti (Official Video)","Gabry Ponte - Che ne sanno i 2000 feat. Danti #CheNeSannoi2000 <e8> su: Spotify <U+279F> http://spoti.fi/2adkJfM iTunes <U+279F> http://apple.co/29DR2Vr Apple Music ...","2016-07-26 10:00:02","2016-07-26",36000,"none","UC9PZVgJF-mX4aDDzLE4z5Zg","Warner Music Italy",57305189,457008,50972,0,36365,10,NA,"Música",57000
"291",291,"xDCVhMTPHvY","CENTRA IL CESTINO CHALLENGE - CALCIO CON I MATES E I2BOMBER","Iscriviti: http://bit.ly/JoinSurreal I2Bomber: https://www.youtube.com/user/i2bomber MAGLIETTE: http://bit.ly/matesitalia <U+25BB>Pagina Facebook: ...","2016-01-02 12:00:02","2016-01-02",43200,"none","UC3V8twsHOUBGvM_xsQ_4ZJg","SurreaIPower",1743808,97330,722,0,1210,20,"it","Jogos",1000
"296",296,"TQhk2K-vaWk","TERRIFICANTE...Ladro Tenta di Entrare in casa mentre Registro Moto gp 15 (non <e8> uno scherzo)","Ragazzi sono su Instagram: https://instagram.com/cicciogamer_89 Key di Gioco ad un Ottimo Prezzo : http://www.instant-gaming.com/igr/CiccioGamer89/ Ecco ...","2015-07-31 17:00:01","2015-07-31",61200,"none","UC1jTVZboWRPpjGKAN921M5w","CiccioGamer89",4956042,171382,7650,0,9748,20,"zxx","Jogos",4000
"301",301,"tWs1E2BfNZE","QUAL <c9> A SENHA DO WIFI - Par<f3>dia Adele - Hello","MEU INSTAGRAM: http://goo.gl/uYVFV2 MEU TWITTER: http://goo.gl/z6Wwdj MINHA P<c1>GINA: http://goo.gl/vuB0a1 MEU FACE: http://goo.gl/q2QSUj CANAIS ...","2015-12-05 23:00:00","2015-12-05",82800,"none","UC3KQ5GWANYF8lChqjZpXsQw","whinderssonnunes",58583168,2869439,52603,0,144979,23,NA,"Comédia",58000
"306",306,"_P7S2lKif-A","MC Fioti - Bum Bum Tam Tam (KondZilla)","Inscreva-se no Canal da KondZilla e assista os clipes antes de todo mundo. https://goo.gl/HXfRT5 Escute a playlist do KondZilla no Spotify: ...","2017-03-08 22:00:01","2017-03-08",79200,"none","UCffDXn7ycAzwL2LDlbyWOTw","Canal KondZilla",314116132,2270191,155254,0,80555,10,NA,"Música",314000
"311",311,"ISFaJenCMow","RETROSPECTIVA DE FAVELA 2015 #RewindBr","J<e1> que no BR ningu<e9>m faz, a gente se re<fa>ne e improvisa! CLIQUE EM GOSTEI, FAVORITE, COMENTE E SE INSCREVA! Mauricio Cid ...","2015-12-26 16:59:54","2015-12-26",61140,"none","UCPHXtOVmjvbP9OJihsd7gCg","CanalCanalha",22200122,1676396,14682,0,119478,23,NA,"Comédia",22000
"316",316,"2Lp7XO6oWCM","N<e3>o Faz Sentido! - Crep<fa>sculo","Siga-me no Twitter: http://www.twitter.com/felipeneto Conhe<e7>a e compre na loja: http://www.felipeneto.net Veja meu segundo canal (VLOG): ...","2010-07-05 20:25:32","2010-07-05",73500,"none","UCV306eHqgo0LvBf3Mh36AHg","Felipe Neto",15370684,0,0,0,53933,24,NA,"Entretenimento",15000
"321",321,"h1A9Kc5iNkQ","ROLA","Fil<e9> com queijo, pizza, coxinha, pastel, empada, ""kibe"", esfiha, dois hamb<fa>rgueres, alface, queijo, molho especial, cebola, picles, p<e3>o com gergelim, a<e7>a<ed>, ...","2013-01-10 12:55:58","2013-01-10",46500,"none","UCEWHPFNilsT0IfQfutVzsag","Porta dos Fundos",26608144,217282,17229,0,11140,24,"pt","Entretenimento",26000
"326",326,"OeWxxTLdRBw","Rap Minecraft Para<ed>so | Ft TAUZ (Minecraft Animation)","Se Inscreva no canal: http://goo.gl/X35Pv7 <U+2713> Tauz: https://goo.gl/z9N3kv <U+2713> DOWNLOAD: https://goo.gl/c4rpti <U+2713> PLAYLIST: http://goo.gl/TSC5tn LIVE AGORA: ...","2015-07-11 17:00:00","2015-07-11",61200,"none","UCbTVTephX30ZhQF5zwFppBg","rezendeevil",21076906,492972,10603,0,48874,20,NA,"Jogos",21000
"331",331,"9h1l5Z0mH0w","Minecraft M<fa>sica <U+266B> - COM MEUS AMIGOS | Animation Minecraft (Feat. Brancoala)","Outras Anima<e7><f5>es: http://bit.ly/VideosCanal Camisas Canal: http://bit.ly/CamisasCanal <U+25CB> Clique em (mostrar mais) Assista outras Series do Canal: <U+25CB> Perdidos: ...","2015-08-11 15:00:05","2015-08-11",54000,"none","UCIPA6iWNaoetaa1T46RkzXw","AuthenticGames",33528839,625017,13010,0,57150,20,NA,"Jogos",33000
"336",336,"63WnVWala1k","5inco Minutos - ""BANG""  (PAR<d3>DIA) <U+266B>","LETRA: Miga sua louca voc<ea> pare de falar de mim! Eu n<e3>o gosto desse tipo de gentinha assim! An an! An an an! An an! An an an! An an! An an an! Bem! Bem!","2015-11-24 13:51:41","2015-11-24",49860,"none","UC3RpTX6fEMJ6KBNTTgXJB9w","5incominutos",44577097,1449635,136932,0,136994,24,NA,"Entretenimento",44000
"341",341,"_R84uhlE2fc","PEDINDO MC DONALDS CANTANDO Ft Cocielo e Gusta","Voc<ea> j<e1> tentou fazer um pedido no Drive Thru do McDonalds CANTANDO? N<e3>o? N<f3>s sim! Veja nesse v<ed>deo especial que conta com a participa<e7><e3>o especial de ...","2015-02-09 13:30:00","2015-02-09",48600,"none","UCH2VZQBLFTOp6I_qgnBJCuQ","Canal Nostalgia",16418227,1082532,5197,0,18640,24,"pt","Entretenimento",16000
"346",346,"3mdPu13GrAs","FA<c7>O TUDO...","Site: http://www.parafernalha.com.br Twitter: http://www.twitter.com/parafernalha Facebook: http://www.facebook.com/parafernalha Elenco: Homem - Fabio ...","2012-11-20 18:23:46","2012-11-20",66180,"none","UCddYq41_tZ1FnLlguLT6-Ow","Parafernalha",40512617,331099,26918,0,10126,24,NA,"Entretenimento",40000
"351",351,"DK_0jXPuIr0","Justin Bieber - What Do You Mean?","'Purpose' Available Everywhere Now! iTunes: http://smarturl.it/PurposeDlx?IQid=VEVO1113 Stream & Add To Your Spotify Playlist: http://smarturl.it/sPurpose?","2015-08-31 03:00:00","2015-08-31",10800,"none","UCHkj014U2CQ2Nv0UZeYpE_A","JustinBieberVEVO",1803638811,6229301,851232,0,451679,10,"en","Música",1803000
"356",356,"8v1TECc0HiI","GTA 5 Best Moments - Funny Moments, Glitches, Skits (GTA 5 Online / Single Player Montage)","NEW Vanoss Shirts & Merch HERE: http://bit.ly/1SnwqxY Friends in the vid: Wildcat - http://bit.ly/11oQ2GF H20 Delirious - http://bit.ly/191aKBE BasicallyIDoWrk ...","2014-02-11 02:40:36","2014-02-11",9600,"none","UCKqH_9mk1waLgBiL2vT5b9g","VanossGaming",40070495,438873,9027,0,0,20,NA,"Jogos",40000
"361",361,"Se1y2R5QRKU","Top 10 Bruce Lee Moments","Top 10 Greatest Bruce Lee Moments Subscribe: http://goo.gl/Q2kKrD Bruce Lee is the most legendary martial artist of all time! Always imitated and paid tribute to ...","2013-07-10 14:35:07","2013-07-10",52500,"none","UCaWd5_7JhbQBe4dknZhsHJg","WatchMojo.com",72681486,154368,14633,0,13782,24,"en","Entretenimento",72000
"366",366,"7o4uDXft_pU","How Girls Get Ready...","Like this video? Click here to share it on Facebook: http://on.fb.me/14oA70Q New video every Monday & Thursday! Bookings & Business Inquiries: ...","2013-03-25 22:12:04","2013-03-25",79920,"none","UCfm4y4rHF5HGrSr-qbvOwOg","IISuperwomanII",23893843,399443,5108,0,23013,23,"en-US","Comédia",23000
"371",371,"tWs1E2BfNZE","QUAL <c9> A SENHA DO WIFI - Par<f3>dia Adele - Hello","MEU INSTAGRAM: http://goo.gl/uYVFV2 MEU TWITTER: http://goo.gl/z6Wwdj MINHA P<c1>GINA: http://goo.gl/vuB0a1 MEU FACE: http://goo.gl/q2QSUj CANAIS ...","2015-12-05 23:00:00","2015-12-05",82800,"none","UC3KQ5GWANYF8lChqjZpXsQw","whinderssonnunes",58584805,2869473,52604,0,144979,23,NA,"Comédia",58000
"376",376,"ym4uVS-5tSA","10 Roads You Would Never Want to Drive On","Top 10 Most Dangerous Roads and Highways from around the world you should never take your car on. Subscribe to our channel: http://goo.gl/9CwQhg For ...","2015-10-29 11:00:01","2015-10-29",39600,"none","UCdxi8d8qRsRyUi2ERYjYb-w","TheRichest",98554572,171738,31540,0,12695,27,"en","Educação",98000
"381",381,"znK652H6yQM","iPhone 6 Plus Bend Test","Does the iPhone 6 Plus bend under pressure? Conspiracy theorists watch my new uncut test - http://youtu.be/gJ3Ds6uf0Yg Galaxy Note 3 bend test: ...","2014-09-23 20:32:03","2014-09-23",73920,"none","UCsTcErHg8oDvUnTzoqsYeNw","Unbox Therapy",69959120,273777,36919,0,51710,28,"en","Ciência e Tecnologia",69000
"386",386,"ih2xubMaZWI","OMFG - Hello","'Feeling Sheepish'...http://bit.ly/SuicideSheepSpotify MERRY CHRISTMAS!!!! Download... https://bitly.com/alexomfghello OMFG https://soundcloud.com/alexomfg ...","2014-12-25 18:30:03","2014-12-25",66600,"none","UC5nc_ZtjKW1htCVZVRxlQAQ","MrSuicideSheep",167490262,2137794,56273,0,147677,24,NA,"Entretenimento",167000
"391",391,"kgZtAl-XNq8","How to Unlock ANY iPhone Without the Passcode","FOLLOW TO SAVE A LIFE: Twitter: https://twitter.com/wolfieraps Instagram: http://instagram.com/wolfieraps Snapchat: WolfieRaps **If it doesn't get your friend to ...","2016-03-08 01:00:00","2016-03-08",3600,"none","UCbI2XhhZwo4NEyg3oNv2Tsw","WolfieRaps",32942404,488421,39050,0,45535,23,"en-US","Comédia",32000
"396",396,"m9FRSghXhDM","Fast Food Lasagna - Epic Meal Time","MAKE A MEAL WITH US & ARNOLD!!!! http://omaze.com/Epic LIKE/FAV We got 45 burgers, a whole bunch of liquor and bacon.... this is Fast Food Lasagna.","2011-04-26 07:40:09","2011-04-26",27600,"none","UCYjk_zY-iYR8YNfJmuzd70A","Epic Meal Time",29395672,220317,7088,0,57393,24,"en-US","Entretenimento",29000
